id,Kegg_id,Uniprot_id,protein_family,protein_name,activity,organism,seq
1,Not assigned,P24289,Nuclease type I family,Nuclease P1/Endonuclease P1,,Penicillium citrinum,WGALGHATVAYVAQHYVSPEAASWAQGILGSSSSSYLASIASWADEYRLTSAGKWSASLHFIDAEDNPPTNCNVDYERDCGSSGCSISAIANYTQRVSDSSLSSENHAEALRFLVHFIGDMTQPLHDEAYAVGGNKINVTFDGYHDNLHSDWDTYMPQKLIGGHALSDAESWAKTLVQNIESGNYTAQAIGWIKGDNISEPITTATRWASDANALVCTVVMPHGAAALQTGDLYPTYYDSVIDTIELQIAKGGYRLANWINEIHGSEIAK
2,afm:AFUA_3G12930,Q4WYG3,Tryptophan dimethylallyltransferase family,Tryptophan dimethylallyltransferase/7-DAMTS,ATP increases the promiscuous activity.,Neosartorya fumigata ,MSIGAEIDSLVPAPPGLNGTAAGYPAKTQKELSNGDFDAHDGLSLAQLTPYDVLTAALPLPAPASSTGFWWRETGPVMSKLLAKANYPLYTHYKYLMLYHTHILPLLGPRPPLENSTHPSPSNAPWRSFLTDDFTPLEPSWNVNGNSEAQSTIRLGIEPIGFEAGAAADPFNQAAVTQFMHSYEATEVGATLTLFEHFRNDMFVGPETYAALRAKIPEGEHTTQSFLAFDLDAGRVTTKAYFFPILMSLKTGQSTTKVVSDSILHLALKSEVWGVQTIAAMSVMEAWIGSYGGAAKTEMISVDCVNEADSRIKIYVRMPHTSLRKVKEAYCLGGRLTDENTKEGLKLLDELWRTVFGIDDEDAELPQNSHRTAGTIFNFELRPGKWFPEPKVYLPVRHYCESDMQIASRLQTFFGRLGWHNMEKDYCKHLEDLFPHHPLSSSTGTHTFLSFSYKKQKGVYMTMYYNLRVYST
3,"ecj:JW4154, eco:b4196",P39304,"HPS/KGPDC family, KGPDC subfamily",3-keto-L-gulonate-6-phosphate decarboxylase UlaD,,Escherichia coli ,MSLPMLQVALDNQTMDSAYETTRLIAEEVDIIEVGTILCVGEGVRAVRDLKALYPHKIVLADAKIADAGKILSRMCFEANADWVTVICCADINTAKGALDVAKEFNGDVQIELTGYWTWEQAQQWRDAGIGQVVYHRSRDAQAAGVAWGEADITAIKRLSDMGFKVTVTGGLALEDLPLFKGIPIHVFIAGRSIRDAASPVEAARQFKRSIAELWG
4,Not assigned,P19515,"AB hydrolase superfamily, Lipase family",Triacylglycerol lipase,,Rhizomucor miehei,MVLKQRANYLGFLIVFFTAFLVEAVPIKRQSNSTVDSLPPLIPSRTSAPSSSPSTTDPEAPAMSRNGPLPSDVETKYGMALNATSYPDSVVQAMSIDGGIRAATSQEINELTYYTTLSANSYCRTVIPGATWDCIHCDATEDLKIIKTWSTLIYDTNAMVARGDSEKTIYIVFRGSSSIRNWIADLTFVPVSYPPVSGTKVHKGFLDSYGEVQNELVATVLDQFKQYPSYKVAVTGHSLGGATALLCALDLYQREEGLSSSNLFLYTQGQPRVGDPAFANYVVSTGIPYRRTVNERDIVPHLPPAAFGFLHAGEEYWITDNSPETVQVCTSDLETSDCSNSIVPFTSVLDHLSYFGINTGLCT
5,pae:PA0183,P51691,Sulfatase family,Arylsulfatase/Aryl-sulfate sulphohydrolase/PAS/AS,,Pseudomonas aeruginosa ,MSKRPNFLVIVADDLGFSDIGAFGGEIATPNLDALAIAGLRLTDFHTASTCSPTRSMLLTGTDHHIAGIGTMAEALTPELEGKPGYEGHLNERVVALPELLREAGYQTLMAGKWHLGLKPEQTPHARGFERSFSLLPGAANHYGFEPPYDESTPRILKGTPALYVEDERYLDTLPEGFYSSDAFGDKLLQYLKERDQSRPFFAYLPFSAPHWPLQAPREIVEKYRGRYDAGPEALRQERLARLKELGLVEADVEAHPVLALTREWEALEDEERAKSARAMEVYAAMVERMDWNIGRVVDYLRRQGELDNTFVLFMSDNGAEGALLEAFPKFGPDLLGFLDRHYDNSLENIGRANSYVWYGPRWAQAATAPSRLYKAFTTQGGIRVPALVRYPRLSRQGAISHAFATVMDVTPTLLDLAGVRHPGKRWRGREIAEPRGRSWLGWLSGETEAAHDENTVTGWELFGMRAIRQGDWKAVYLPAPVGPATWQLYDLARDPGEIHDLADSQPGKLAELIEHWKRYVSETGVVEGASPFLVR
6,tma:TM1036,Q9X0C6,HisA/HisF family,Imidazole glycerol phosphate synthase subunit/HisF,,Thermotoga maritima ,MLAKRIIACLDVKDGRVVKGTNFENLRDSGDPVELGKFYSEIGIDELVFLDITASVEKRKTMLELVEKVAEQIDIPFTVGGGIHDFETASELILRGADKVSINTAAVENPSLITQIAQTFGSQAVVVAIDAKRVDGEFMVFTYSGKKNTGILLRDWVVEVEKRGAGEILLTSIDRDGTKSGYDTEMIRFVRPLTTLPIIASGGAGKMEHFLEAFLAGADAALAASVFHFREIDVRELKEYLKKHGVNVRLEGL
7,Not assigned,K4HQE7,,Carboxylesterase,Protein known as EstU1. Isolated from metagenomic DNA library of soil.,uncultured bacterium,MKTSAKFLSFAVSFVLLIIASTSFAEGPVTATKPKEAGFTSEGLARIDAYLKNEIQAKTMPGAVMMIKRNGETAYFSSFGLRDPDTKEPMTAETIFRIYSMSKPITTVAAMMLVEEGKLQLDEPVSKYIPSFANVKVGVETKGENGMALETGPVKRAITIQDLMRHTSGITYGFVGDGLVKKAYIASNLFDGDFDNAEFAERIAKLPLVYQPGTTWDYGHSTDILGRVVEVVSGKSLYQFEKERLLDPLGMKDTGFYVTDPAKKSLVAEAMPNDRKIGGSEMFDPRVQKKWEPGGQGMVSTIGDYARFTQMVLNGGTLDGKRYLSPKTIAYMGSNHIPQASGIVPGAYYLPGPGVGFGLGFAVRTEAGVTPVEGSVGDLSWGGAGGTVFWIDPKENLTVVFMAPMVSPRARVWRTLRNIVYGAFDR
8,Not assigned,P00791,Peptidase A1 family,Pepsin,,Sus scrofa ,MKWLLLLSLVVLSECLVKVPLVRKKSLRQNLIKNGKLKDFLKTHKHNPASKYFPEAAALIGDEPLENYLDTEYFGTIGIGTPAQDFTVIFDTGSSNLWVPSVYCSSLACSDHNQFNPDDSSTFEATSQELSITYGTGSMTGILGYDTVQVGGISDTNQIFGLSETEPGSFLYYAPFDGILGLAYPSISASGATPVFDNLWDQGLVSQDLFSVYLSSNDDSGSVVLLGGIDSSYYTGSLNWVPVSVEGYWQITLDSITMDGETIACSGGCQAIVDTGTSLLTGPTSAIANIQSDIGASENSDGEMVISCSSIDSLPDIVFTINGVQYPLSPSAYILQDDDSCTSGFEGMDVPTSSGELWILGDVFIRQYYTVFDRANNKVGLAPVA
9,Not assigned,Q9UVD4,,Macrophomate synthase,,Macrophoma commelinae,MAKSYSEQPELHAKAPYRSAMLTYPGNLRQALKDAMADPSKTLMGVAHGIPSTFVTKVLAATKPDFVWIDVEHGMFNRLELHDAIHAAQHHSEGRSLVIVRVPKHDEISLSTALDAGAAGIVIPHVETVEEVREFVKEMYYGPIGRRSFSPWTFSPGIADASLFPNDPYNVATSNNHVCIIPQIESVKGVENVDAIAAMPEIHGLMFGPGDYMIDAGLDLNGALSGVPHPTFVEAMTKFSTAAQRNGVPIFGGALSVDMVPSLIEQGYRAIAVQFDVWGLSRLVHGSLAQARASAKQFAGQGKAATDGTTDETVDGAAEEVANGVSKVKLDEAGDEDKA
10,ag:CAA66378,P14080,Peptidase C1 family,Chymopapain,,Carica papaya ,MATMSSISKIIFLATCLIIHMGLSSADFYTVGYSQDDLTSIERLIQLFDSWMLKHNKIYESIDEKIYRFEIFRDNLMYIDETNKKNNSYWLGLNGFADLSNDEFKKKYVGFVAEDFTGLEHFDNEDFTYKHVTNYPQSIDWRAKGAVTPVKNQGACGSCWAFSTIATVEGINKIVTGNLLELSEQELVDCDKHSYGCKGGYQTTSLQYVANNGVHTSKVYPYQAKQYKCRATDKPGPKVKITGYKRVPSNCETSFLGALANQPLSVLVEAGGKPFQLYKSGVFDGPCGTKLDHAVTAVGYGTSDGKNYIIIKNSWGPNWGEKGYMRLKRQSGNSQGTCGVYKSSYYPFKGFA
11,Not assigned,P22088,"AB hydrolase superfamily, Pseudomonas lipase family",Triacylglycerol lipase,,Burkholderia cepacia ,MARTMRSRVVAGAVACAMSIAPFAGTTAVMTLATTHAAMAATAPAAGYAATRYPIILVHGLSGTDKYAGVLEYWYGIQEDLQQNGATVYVANLSGFQSDDGPNGRGEQLLAYVKTVLAATGATKVNLVGHSQGGLSSRYVAAVAPDLVASVTTIGTPHRGSEFADFVQDVLAYDPTGLSSSVIAAFVNVFGILTSSSHNTNQDALAALQTLTTARAATYNQNYPSAGLGAPGSCQTGAPTETVGGNTHLLYSWAGTAIQPTLSVFGVTGATDTSTLPLVDPANVLDLSTLALFGTGTVMINRGSGQNDGLVSKCSALYGKVLSTSYKWNHLDEINQLLGVRGAYAEDPVAVIRTHANRLKLAGV
12,"ecj:JW2975, eco:b3008",P06721,Trans-sulfuration enzymes family,Cystathionine beta-lyase,,Escherichia coli ,MADKKLDTQLVNAGRSKKYTLGAVNSVIQRASSLVFDSVEAKKHATRNRANGELFYGRRGTLTHFSLQQAMCELEGGAGCVLFPCGAAAVANSILAFIEQGDHVLMTNTAYEPSQDFCSKILSKLGVTTSWFDPLIGADIVKHLQPNTKIVFLESPGSITMEVHDVPAIVAAVRSVVPDAIIMIDNTWAAGVLFKALDFGIDVSIQAATKYLVGHSDAMIGTAVCNARCWEQLRENAYLMGQMVDADTAYITSRGLRTLGVRLRQHHESSLKVAEWLAEHPQVARVNHPALPGSKGHEFWKRDFTGSSGLFSFVLKKKLNNEELANYLDNFSLFSMAYSWGGYESLILANQPEHIAAIRPQGEIDFSGTLIRLHIGLEDVDDLIADLDAGFARIV
13,Not assigned,D1D8L6,Aromatic prenyltransferase,Cyclic dipeptide N-prenyltransferase/cdpNPT,Divalent metal ions increase peptidase activity.,Neosartorya fumigata ,MDGEMTASPPDISACDTSAVDEQTGQSGQSQAPIPKDIAYHTLTKALLFPDIDQYQHWHHVAPMLAKMLVDGKYSIHQQYEYLCLFAQLVAPVLGPYPSPGRDVYRCTLGGNMTVELSQNFQRSGSTTRIAFEPVRYQASVGHDRFNRTSVNAFFSQLQLLVKSVNIELHHLLSEHLTLTAKDERNLNEEQLTKYLTNFQVKTQYVVALDLRKTGIVAKEYFFPGIKCAATGQTGSNACFGAIRAVDKDGHLDSLCQLIEAHFQQSKIDDAFLCCDLVDPAHTRFKVYIADPLVTLARAEEHWTLGGRLTDEDAAVGLEIIRGLWSELGIIQGPLEPSAMMEKGLLPIMLNYEMKAGQRLPKPKLYMPLTGIPETKIARIMTAFFQRHDMPEQAEVFMENLQAYYEGKNLEEATRYQAWLSFAYTKEKGPYLSIYYFWPE
14,ag:AAC49184,P52704,"AB hydrolase superfamily, Hydroxynitrile lyase family",(S)-hydroxynitrile lyase/(S)-acetone-cyanohydrin lyase/Oxynitrilase/HNL,,Hevea brasiliensis ,MAFAHFVLIHTICHGAWIWHKLKPLLEALGHKVTALDLAASGVDPRQIEEIGSFDEYSEPLLTFLEALPPGEKVILVGESCGGLNIAIAADKYCEKIAAAVFHNSVLPDTEHCPSYVVDKLMEVFPDWKDTTYFTYTKDGKEITGLKLGFTLLRENLYTLCGPEEYELAKMLTRKGSLFQNILAKRPFFTKEGYGSIKKIYVWTDQDEIFLPEFQLWQIENYKPDKVYKVEGGDHKLQLTKTKEIAEILQEVADTYN
15,"bta:100140149, bta:512439",P01966,Globin family,Hemoglobin subunit alpha,"Annotations valid for HBA, comprising subunits alpha (P01966) and beta (P02070).",Bos taurus ,MVLSAADKGNVKAAWGKVGGHAAEYGAEALERMFLSFPTTKTYFPHFDLSHGSAQVKGHGAKVAAALTKAVEHLDDLPGALSELSDLHAHKLRVDPVNFKLLSHSLLVTLASHLPSDFTPAVHASLDKFLANVSTVLTSKYR
16,Not assigned,P45510,Dihydroxyacetone kinase,Dihydroxyacetone kinase/DHAK,,Citrobacter freundii,MSQFFFNQRTHLVSDVIDGAIIASPWNNLARLESDPAIRIVVRRDLNKNNVAVISGGGSGHEPAHVGFIGKGMLTAAVCGDVFASPSVDAVLTAIQAVTGEAGCLLIVKNYTGDRLNFGLAAEKARRLGYNVEMLIVGDDISLPDNKHPRGIAGTILVHKIAGYFAERGYNLATVLREAQYAASNTFSLGVALSSCHLPQETDAAPRHHPGHAELGMGIHGEPGASVIDTQNSAQVVNLMVDKLLAALPETGRLAVMINNLGGVSVAEMAIITRELASSPLHSRIDWLIGPASLVTALDMKGFSLTAIVLEESIEKALLTEVETSNWPTPVPPREITCVVSSHASARVEFQPSANALVAGIVELVTATLSDLETHLNALDAKVGDGDTGSTFAAAAREIASLLHRQQLPLNNLATLFALIGERLTVVMGGSSGVLMSIFFTAAGQKLEQGANVVEALNTGLAQMKFYGGADEGDRTMIDALQPALTSLLAQPKNLQAAFDAAQAGAERTCLSSKANAGRASYLSSESLLGNMDPGAQRLAMVFKALAESELG
17,Not assigned,A0A182DW06,Peptidase C1 family,Ficin isoform A/Thiol protease/Ficin,,Ficus carica ,LPETVDWRSKGAVNPIRNQGQCGSCWAFSAVAAVESINKIVTGQLLSLSEQQLLDCAQSYKNLGCQGGWVNKAFEYIIQNRGITSQSNYPYTGHKGQCRTGLASIATIDSYQYVPSNNENALKNAVANQPVSVAVEAAGRAFQLYKSGVFTGSCGVAIDHAVVLIGYGKYNGVDYWLLRNSWGTNWGEQGYMKLQRNVAQSAGKCGVARLCLYPVKC
18,ag:BAA19967,Q48907,"HPS/KGPDC family, HPS subfamily",3-hexulose-6-phosphate synthase,,Methylomonas aminofaciens,MALTQMALDSLDFDATVALAEKVAPHVDILEIGTPCIKHNGIKLLETLRAKFPNNKILVDLKTMDAGFYEAEPFYKAGADITTVLGVADLGTIKGVIDAANKYGKKAQIDLINVGDKAARTKEVAKLGAHIIGVHTGLDQQAAGQTPFADLATVTGLNLGLEVSVAGGVKPATVAQVKDAGATIIVAGAAIYGAADPAAAAAEITGLAK
19,bta:280813,P02070,Globin family,Hemoglobin subunit beta,"Annotations valid for HBA, comprising subunits alpha (P01966) and beta (P02070).",Bos taurus ,MLTAEEKAAVTAFWGKVKVDEVGGEALGRLLVVYPWTQRFFESFGDLSTADAVMNNPKVKAHGKKVLDSFSNGMKHLDDLKGTFAALSELHCDKLHVDPENFKLLGNVLVVVLARNFGKEFTPVLQADFQKVVAGVANALAHRYH
20,afm:AFUA_8G00210,Q4WAW7,Tryptophan dimethylallyltransferase family,Tryprostatin B synthase/ftmPT1,ATP and MN increases the promiscuous activity.,Neosartorya fumigata ,MPPAPPDQKPCHQLQPAPYRALSESILFGSVDEERWWHSTAPILSRLLISSNYDVDVQYKYLSLYRHLVLPALGPYPQRDPETGIIATQWRSGMVLTGLPIEFSNNVARALIRIGVDPVTADSGTAQDPFNTTRPKVYLETAARLLPGVDLTRFYEFETELVITKAEEAVLQANPDLFRSPWKSQILTAMDLQKSGTVLVKAYFYPQPKSAVTGRSTEDLLVNAIRKVDREGRFETQLANLQRYIERRRRGLHVPGVTADKPPATAADKAFDACSFFPHFLSTDLVEPGKSRVKFYASERHVNLQMVEDIWTFGGLRRDPDALRGLELLRHFWADIQMREGYYTMPRGFCELGKSSAGFEAPMMFHFHLDGSQSPFPDPQMYVCVFGMNSRKLVEGLTTFYRRVGWEEMASHYQGNFLANYPDEDFEKAAHLCAYVSFAYKNGGAYVTLYNHSFNPVGDVSFPN
21,afm:AFUA_2G17990,Q4WZ67,Tryptophan dimethylallyltransferase family,Fumigaclavine A dimethylallyltransferase easL/fgaPT1,Divalent metal ions increases the peptidase activity.,Neosartorya fumigata ,MTKTDAQGRHPQETATHAATTDEEVQDQWRAPFEVLSRTLVFQHEDHRLWWERAASKLATYLRLAKYSVGSQYQHLLMFYSVYAPNLGPWPNDKRDNVHWVCGICPGGENLEISMNYQQGAKCTVRIAAETITPAAGTDKDPFNLTAEKKMIEDLKALQPNLNFTWFNHFQREVLVPEEVALNNDEIISKVPFKNQRLHGLDLSEGAFMLKSYFMPAIRSAITGVENTQIMFESIRKLNLKNANFISALSTLEDWMVPTNGRFMEYWDGISYDAVDACKARIKIYTGIRMKSIEHARDVWTLGGRLQGEDIEKGFDLVARLWRRLMDEEPSTCEMKYWMQWVWELRTDVPFPVPKLYFSVAAAEDHYVSDTVVEILDYLGWDDLVQTHRALMDEAWSLGQTTKSYLAFSYISVTFHSIKGPYITTYGNPSGPRPVF
22,Not assigned,E3SVS0,Epoxide hydrolase-like,(-) gamma-lactamase,Perhydrolase annotated as canonic activity due to lower Km and higher kcat/Km (DOI: 10.1007/s00253-015-6503-7).,Microbacterium hydrocarbonoxydans,MGYITVGNENSTPIELYYEDQGSGQPVVLIHGYPLNGHSWERQTRELLAQGYRVITYDRRGFGQSSKVGTGYDYDTFAADLNTVLETLDLRDVVLVGFSMGTGELARYVGTYGHDRVAKLAFLASLEPFLVQRDDNPEGVPQEVFDGIEAAAKGDRYAWFTDFYNNFYNLDENLGSRISQQVVDANWNLSVTSAPVAAYAVVPTWIEDFRGDVDAVRDAGKPTLILHGTKDNILPIDATARRFHKAVPVATYVEVEGAPHGLLWTHADEVNAALKTFLKGSLA
23,Not assigned,Q44244,"Mandelate racemase/muconate lactonizing enzyme family, MenC type 2 subfamily",o-succinylbenzoate synthase/4-(2'-carboxyphenyl)-4-oxybutyric acid synthase/o-succinylbenzoic acid synthase/OSB synthase/OSBS,,Amycolatopsis sp.,MKLSGVELRRVQMPLVAPFRTSFGTQSVRELLLLRAVTPAGEGWGECVTMAGPLYSSEYNDGAEHVLRHYLIPALLAAEDITAAKVTPLLAKFKGHRMAKGALEMAVLDAELRAHERSFAAELGSVRDSVPCGVSVGIMDTIPQLLDVVGGYLDEGYVRIKLKIEPGWDVEPVRAVRERFGDDVLLQVDANTAYTLGDAPQLARLDPFGLLLIEQPLEEEDVLGHAELARRIQTPICLDESIVSARAAADAIKLGAVQIVNIKPGRVGGYLEARRVHDVCAAHGIPVWCGGMIETGLGRAANVALASLPNFTLPGDTSASDRFYKTDITEPFVLSGGHLPVPTGPGLGVAPIPELLDEVTTAKVWIGS
24,Not assigned,W5H9K9,"AB hydrolase superfamily, Lipase family",Lipase,,Triticum aestivum ,MILHNSMATSLFLMSLLMLLLDSNPCTALSWRNNSLVDDIGIPCPVSPHPFTMCKSEAEAYGYPCEDHKVTTEDGYILSLKRIPHGHDTDNSTGDQKTRQPILLFHGLFVDGVSWLLGTPEQSLGFILADGGFDVWLANTRGTNTSRKHTSLSPKDPAFWDWSWDQIAEYDLPAVLEFVYHHTGRQKVHYIGHSLGTLIILAAFSEHKLLHLVRSAVLLCPIAYLSRTRSDLTRLAAQMFLAEAVYRIGIHEFNPVGKVAAQLLAKVCGDPKIDCHDVFSALAGPDCCLNKSTTCAFMLHAPQPTSMRNLIHLSQMVRSEGVRRYDYGNAKENMKHYKQAHPPLYNLSSIPTHVPMLLTHGGQDFLGDVPDTRHLLKTLVRNHDSDNIEVQYLPDYAHADFVIAYNAPRLVYEPMVDFFQRH
25,ssc:397397,P00690,Glycosyl hydrolase 13 family,Alpha-amylase,,Sus scrofa ,MKLFLLLSAFGFCWAQYAPQTQSGRTSIVHLFEWRWVDIALECERYLGPKGFGGVQVSPPNENIVVTNPSRPWWERYQPVSYKLCTRSGNENEFRDMVTRCNNVGVRIYVDAVINHMCGSGAAAGTGTTCGSYCNPGNREFPAVPYSAWDFNDGKCKTASGGIESYNDPYQVRDCQLVGLLDLALEKDYVRSMIADYLNKLIDIGVAGFRIDASKHMWPGDIKAVLDKLHNLNTNWFPAGSRPFIFQEVIDLGGEAIQSSEYFGNGRVTEFKYGAKLGTVVRKWSGEKMSYLKNWGEGWGFMPSDRALVFVDNHDNQRGHGAGGASILTFWDARLYKVAVGFMLAHPYGFTRVMSSYRWARNFVNGQDVNDWIGPPNNNGVIKEVTINADTTCGNDWVCEHRWRQIRNMVWFRNVVDGQPFANWWANGSNQVAFGRGNRGFIVFNNDDWQLSSTLQTGLPGGTYCDVISGDKVGNSCTGIKVYVSSDGTAQFSISNSAEDPFIAIHAESKL
26,Not assigned,O59952,"AB hydrolase superfamily, Lipase family",Triacylglycerol lipase,,Thermomyces lanuginosus ,MRSSLVLFFVSAWTALASPIRREVSQDLFNQFNLFAQYSAAAYCGKNNDAPAGTNITCTGNACPEVEKADATFLYSFEDSGVGDVTGFLALDNTNKLIVLSFRGSRSIENWIGNLNFDLKEINDICSGCRGHDGFTSSWRSVADTLRQKVEDAVREHPDYRVVFTGHSLGGALATVAGADLRGNGYDIDVFSYGAPRVGNRAFAEFLTVQTGGTLYRITHTNDIVPRLPPREFGYSHSSPEYWIKSGTLVPVTRNDIVKIEGIDATGGNNQPNIPDIPAHLWYFGLIGTCL
27,bsu:BSU03040,P00691,Glycosyl hydrolase 13 family,Alpha-amylase,"Active-site residues annotated by manual mapping to UniProt after removing propeptide, according to DOI: 10.1016/0167-4838(92)90249-D.",Bacillus subtilis ,MFAKRFKTSLLPLFAGFLLLFHLVLAGPAAASAETANKSNELTAPSIKSGTILHAWNWSFNTLKHNMKDIHDAGYTAIQTSPINQVKEGNQGDKSMSNWYWLYQPTSYQIGNRYLGTEQEFKEMCAAAEEYGIKVIVDAVINHTTSDYAAISNEVKSIPNWTHGNTQIKNWSDRWDVTQNSLLGLYDWNTQNTQVQSYLKRFLDRALNDGADGFRFDAAKHIELPDDGSYGSQFWPNITNTSAEFQYGEILQDSASRDAAYANYMDVTASNYGHSIRSALKNRNLGVSNISHYASDVSADKLVTWVESHDTYANDDEESTWMSDDDIRLGWAVIASRSGSTPLFFSRPEGGGNGVRFPGKSQIGDRGSALFEDQAITAVNRFHNVMAGQPEELSNPNGNNQIFMNQRGSHGVVLANAGSSSVSINTATKLPDGRYDNKAGAGSFQVNDGKLTGTINARSVAVLYPDDIAKAPHVFLENYKTGVTHSFNDQLTITLRADANTTKAVYQINNGPETAFKDGDQFTIGKGDPFGKTYTIMLKGTNSDGVTRTEKYSFVKRDPASAKTIGYQNPNHWSQVNAYIYKHDGSRVIELTGSWPGKPMTKNADGIYTLTLPADTDTTNAKVIFNNGSAQVPGQNQPGFDYVLNGLYNDSGLSGSLPH
28,gga:396218,P00698,Glycosyl hydrolase 22 family,Lysozyme C,Possibly capable of additional transglycosylation and slight esterase activities.,Gallus gallus ,MRSLLILVLCFLPLAALGKVFGRCELAAAMKRHGLDNYRGYSLGNWVCAAKFESNFNTQATNRNTDGSTDYGILQINSRWWCNDGRTPGSRNLCNIPCSALLSSDITASVNCAKKIVSDGNGMNAWVAWRNRCKGTDVQAWIRGCRL
29,Not assigned,P06875,Peptidase S45 family,Penicillin G acylase,,Escherichia coli,MKNRNRMIVNCVTASLMYYWSLPALAEQSSSEIKIVRDEYGMPHIYANDTWHLFYGYGYVVAQDRLFQMEMARRSTQGTVAEVLGKDFVKFDKDIRRNYWPDAIRAQIAALSPEDMSILQGYADGMNAWIDKVNTNPETLLPKQFNTFGFTPKRWEPFDVAMIFVGTMANRFSDSTSEIDNLALLTALKDKYGVSQGMAVFNQLKWLVNPSAPTTIAVQESNYPLKFNQQNSQTAALLPRYDLPAPMLDRPAKGADGALLALTAGKNRETIAAQFAQGGANGLAGYPTTSNMWVIGKSKAQDAKAIMVNGPQFGWYAPAYTYGIGLHGAGYDVTGNTPFAYPGLVFGHNGVISWGSTAGFGDDVDIFAERLSAEKPGYYLHNGKWVKMLSREETITVKNGQAETFTVWRTVHGNILQTDQTTQTAYAKSRAWDGKEVASLLAWTHQMKAKNWQEWTQQAAKQALTINWYYADVNGNIGYVHTGAYPDRQSGHDPRLPVPGTGKWDWKGLLPFEMNPKVYNPQSGYIANWNNSPQKDYPASDLFAFLWGGADRVTEIDRLLEQKPRLTADQAWDVIRQTSRQDLNLRLFLPTLQAATSGLTQSDPRRQLVETLTRWDGINLLNDDGKTWQQPGSAILNVWLTSMLKRTVVAAVPMPFDKWYSASGYETTQDGPTGSLNISVGAKILYEAVQGDKSPIPQAVDLFAGKPQQEVVLAALEDTWETLSKRYGNNVSNWKTPAMALTFRANNFFGVPQAAAEETRHQAEYQNRGTENDMIVFSPTTSDRPVLAWDVVAPGQSGFIAPDGTVDKHYEDQLKMYENFGRKSLWLTKQDVEAHKESQEVLHVQR
30,sso:SSO2522,Q97VT7,"Metallo-dependent hydrolases superfamily, Phosphotriesterase family",Aryldialkylphosphatase,,Sulfolobus solfataricus ,MRIPLVGKDSIESKDIGFTLIHEHLRVFSEAVRQQWPHLYNEDEEFRNAVNEVKRAMQFGVKTIVDPTVMGLGRDIRFMEKVVKATGINLVAGTGIYIYIDLPFYFLNRSIDEIADLFIHDIKEGIQGTLNKAGFVKIAADEPGITKDVEKVIRAAAIANKETKVPIITHSNAHNNTGLEQQRILTEEGVDPGKILIGHLGDTDNIDYIKKIADKGSFIGLDRYGLDLFLPVDKRNETTLRLIKDGYSDKIMISHDYCCTIDWGTAKPEYKPKLAPRWSITLIFEDTIPFLKRNGVNEEVIATIFKENPKKFFS
31,hsa:5444,P27169,Paraoxonase family,Serum paraoxonase 1,"Protein involved in vascular disease, diabetes, Alzheimer's disease, amyotrophic lateral sclerosis.",Homo sapiens ,MAKLIALTLLGMGLALFRNHQSSYQTRLNALREVQPVELPNCNLVKGIETGSEDLEILPNGLAFISSGLKYPGIKSFNPNSPGKILLMDLNEEDPTVLELGITGSKFDVSSFNPHGISTFTDEDNAMYLLVVNHPDAKSTVELFKFQEEEKSLLHLKTIRHKLLPNLNDIVAVGPEHFYGTNDHYFLDPYLQSWEMYLGLAWSYVVYYSPSEVRVVAEGFDFANGINISPDGKYVYIAELLAHKIHVYEKHANWTLTPLKSLDFNTLVDNISVDPETGDLWVGCHPNGMKIFFYDSENPPASEVLRIQNILTEEPKVTQVYAENGTVLQGSTVASVYKGKLLIGTVFHKALYCEL
32,Not assigned,P22862,Not assigned,Esterase I,Active site residues determined by docking and molecular dynamics simulations.,Pseudomonas fluorescens,MSTFVAKDGTQIYFKDWGSGKPVLFSHGWLLDADMWEYQMEYLSSRGYRTIAFDRRGFGRSDQPWTGNDYDTFADDIAQLIEHLDLKEVTLVGFSMGGGDVARYIARHGSARVAGLVLLGAVTPLFGQKPDYPQGVPLDVFARFKTELLKDRAQFISDFNAPFYGINKGQVVSQGVQTQTLQIALLASLKATVDCVTAFAETDFRPDMAKIDVPTLVIHGDGDQIVPFETTGKVAAELIKGAELKVYKDAPHGFAVTHAQQLNEDLLAFLKR
33,Not assigned,P00766,Peptidase S1 family,Chymotrypsinogen A,,Bos taurus ,CGVPAIQPVLSGLSRIVNGEEAVPGSWPWQVSLQDKTGFHFCGGSLINENWVVTAAHCGVTTSDVVVAGEFDQGSSSEKIQKLKIAKVFKNSKYNSLTINNDITLLKLSTAASFSQTVSAVCLPSASDDFAAGTTCVTTGWGLTRYTNANTPDRLQQASLPLLSNTNCKKYWGTKIKDAMICAGASGVSSCMGDSGGPLVCKKNGAWTLVGIVSWGSSTCSTSTPGVYARVTALVNWVQQTLAAN
34,ag:AAN45859,Q8GNT2,Not assigned,Acetylacetone-cleaving enzyme,Catalytic parameters for Fe2+ form.,Acinetobacter johnsonii,MDYCNKKHTAEEYVKISDNNYVPFPEAFSDGGITWQLLHSSPETSSWTAIFNCPAGSSFASHIHAGPGEYFLTKGKMEVRGGEQEGGSTAYAPSYGFESSGALHGKTFFPVESQFYMTFLGPLNFIDDNGKVIASIGWAEAQGAWLATKNEAA
35,"ecj:JW3375, eco:b3412",P13001,"AB hydrolase superfamily, Carboxylesterase BioH family",Carboxylesterase BioH,,Escherichia coli ,MNNIWWQTKGQGNVHLVLLHGWGLNAEVWRCIDEELSSHFTLHLVDLPGFGRSRGFGALSLADMAEAVLQQAPDKAIWLGWSLGGLVASQIALTHPERVQALVTVASSPCFSARDEWPGIKPDVLAGFQQQLSDDFQRTVERFLALQTMGTETARQDARALKKTVLALPMPEVDVLNGGLEILKTVDLRQPLQNVSMPFLRLYGYLDGLVPRKVVPMLDKLWPHSESYIFAKAAHAPFISHPAEFCHLLVALKQRV
36,Not assigned,P00784,Peptidase C1 family,Papain,,Carica papaya ,MAMIPSISKLLFVAICLFVYMGLSFGDFSIVGYSQNDLTSTERLIQLFESWMLKHNKIYKNIDEKIYRFEIFKDNLKYIDETNKKNNSYWLGLNVFADMSNDEFKEKYTGSIAGNYTTTELSYEEVLNDGDVNIPEYVDWRQKGAVTPVKNQGSCGSCWAFSAVVTIEGIIKIRTGNLNEYSEQELLDCDRRSYGCNGGYPWSALQLVAQYGIHYRNTYPYEGVQRYCRSREKGPYAAKTDGVRQVQPYNEGALLYSIANQPVSVVLEAAGKDFQLYRGGIFVGPCGNKVDHAVAAVGYGPNYILIKNSWGTGWGENGYIRIKRGTGNSYGVCGLYTSSFYPVKN
37,Not assigned,Q0PW44,Not assigned,Triacylglycerol lipase,,Aspergillus niger,MFSGRFGVLLTAHAALSAAAPTPLDVRSVSTSTLDELQLFSQWSAAAYCSNNIDSDDSNVTCTADACPSVEEASTKMLLEFDLTNNFGGTAGFLAADNTNKRLVVAFRGSSTIKNWIADLDFILQDNDDLCTGCKVHTGFWKAWEAAADNLTSKIKSAMSTYSGYTLYFTGHSLGGALATLGATVLRNDGYSVELYTYGCPRVGNYALAEHITSQGSGANFRVTHLNDIVPRLPPMDFGFSQPSPEYWITSGTGASVTASDIELIEGINSTAGNAGEATVDVLAHLWYFFAISECLL
38,Not assigned,P69328,Glycosyl hydrolase 15 family,Glucoamylase,,Aspergillus niger,MSFRSLLALSGLVCTGLANVISKRATLDSWLSNEATVARTAILNNIGADGAWVSGADSGIVVASPSTDNPDYFYTWTRDSGLVLKTLVDLFRNGDTSLLSTIENYISAQAIVQGISNPSGDLSSGAGLGEPKFNVDETAYTGSWGRPQRDGPALRATAMIGFGQWLLDNGYTSTATDIVWPLVRNDLSYVAQYWNQTGYDLWEEVNGSSFFTIAVQHRALVEGSAFATAVGSSCSWCDSQAPEILCYLQSFWTGSFILANFDSSRSGKDANTLLGSIHTFDPEAACDDSTFQPCSPRALANHKEVVDSFRSIYTLNDGLSDSEAVAVGRYPEDTYYNGNPWFLCTLAAAEQLYDALYQWDKQGSLEVTDVSLDFFKALYSDAATGTYSSSSSTYSSIVDAVKTFADGFVSIVETHAASNGSMSEQYDKSDGEQLSARDLTWSYAALLTANNRRNSVVPASWGETSASSVPGTCAATSAIGTYSSVTVTSWPSIVATGGTTTTATPTGSGSVTSTSKTTATASKTSTSTSSTSCTTPTAVAVTFDLTATTTYGENIYLVGSISQLGDWETSDGIALSADKYTSSDPLWYVTVTLPAGESFEYKFIRIESDDSVEWESDPNREYTVPQACGTSTATVTDTWR
39,bta:280717,P02769,ALB/AFP/VDB family,Serum albumin,,Bos taurus ,MKWVTFISLLLLFSSAYSRGVFRRDTHKSEIAHRFKDLGEEHFKGLVLIAFSQYLQQCPFDEHVKLVNELTEFAKTCVADESHAGCEKSLHTLFGDELCKVASLRETYGDMADCCEKQEPERNECFLSHKDDSPDLPKLKPDPNTLCDEFKADEKKFWGKYLYEIARRHPYFYAPELLYYANKYNGVFQECCQAEDKGACLLPKIETMREKVLASSARQRLRCASIQKFGERALKAWSVARLSQKFPKAEFVEVTKLVTDLTKVHKECCHGDLLECADDRADLAKYICDNQDTISSKLKECCDKPLLEKSHCIAEVEKDAIPENLPPLTADFAEDKDVCKNYQEAKDAFLGSFLYEYSRRHPEYAVSVLLRLAKEYEATLEECCAKDDPHACYSTVFDKLKHLVDEPQNLIKQNCDQFEKLGEYGFQNALIVRYTRKVPQVSTPTLVEVSRSLGKVGTRCCTKPESERMPCTEDYLSLILNRLCVLHEKTPVSEKVTKCCTESLVNRRPCFSALTPDETYVPKAFDEKLFTFHADICTLPDTEKQIKKQTALVELLKHKPKATEEQLKTVMENFVAFVDKCCAADDKEACFAVEGPKLVVSTQTALA
40,ag:BAC81537,Q7WSJ4,Not assigned,Aldoxime dehydratase,Catalytic parameters for ferrous state (preferred to ferric state).,Pseudomonas chlororaphis,MESAIDTHLKCPRTLSRRVPEEYQPPFPMWVARADEQLQQVVMGYLGVQYRGEAQREAALQAMRHIVSSFSLPDGPQTHDLTHHTDSSGFDNLMVVGYWKDPAAHCRWLRSAEVNDWWTSQDRLGEGLGYFREISAPRAEQFETLYAFQDNLPGVGAVMDSTSGEIEEHGYWGSMRDRFPISQTDWMKPTNELQVVAGDPAKGGRVVIMGHDNIALIRSGQDWADAEAEERSLYLDEILPTLQDGMDFLRDNGQPLGCYSNRFVRNIDLDGNFLDVSYNIGHWRSLEKLERWAESHPTHLRIFVTFFRVAAGLKKLRLYHEVSVSDAKSQVFEYINCHPHTGMLRDAVVAPT
41,stm:STM2483,Q8ZN75,"Peptidase M20A family, DapE subfamily",Succinyl-diaminopimelate desuccinylase,,Salmonella typhimurium ,MSCPVIELTQQLIRRPSLSPDDAGCQALMIERLRKIGFTIEHMDFGDTQNFWAWRGRGETLAFAGHTDVVPAGDVDRWINPPFEPTIRDGMLFGRGAADMKGSLAAMVVAAERFVAQHPHHRGRLAFLITSDEEASAKNGTVKVVEALMARNERLDYCLVGEPSSTEIVGDVVKNGRRGSLTCNLTIHGVQGHVAYPHLADNPVHRAAPFLNELVAIEWDRGNDFFPATSMQVANIQAGTGSNNVIPGELFVQFNFRFSTELTDEMIKERVHALLEKHQLRYTVDWWLSGQPFLTARGKLVDAVVNAIEHYNEIKPQLLTTGGTSDGRFIARMGAQVVELGPVNATIHKINECVNAADLQLLARMYQRIMEQLVA
42,"ecj:JW1049, eco:b1062",P05020,"Metallo-dependent hydrolases superfamily, DHOase family, Class II DHOase subfamily",Dihydroorotase,,Escherichia coli ,MTAPSQVLKIRRPDDWHLHLRDGDMLKTVVPYTSEIYGRAIVMPNLAPPVTTVEAAVAYRQRILDAVPAGHDFTPLMTCYLTDSLDPNELERGFNEGVFTAAKLYPANATTNSSHGVTSIDAIMPVLERMEKIGMPLLVHGEVTHADIDIFDREARFIESVMEPLRQRLTALKVVFEHITTKDAADYVRDGNERLAATITPQHLMFNRNHMLVGGVRPHLYCLPILKRNIHQQALRELVASGFNRVFLGTDSAPHARHRKESSCGCAGCFNAPTALGSYATVFEEMNALQHFEAFCSVNGPQFYGLPVNDTFIELVREEQQVAESIALTDDTLVPFLAGETVRWSVKQ
43,Not assigned,P0A434,"Metallo-dependent hydrolases superfamily, Phosphotriesterase family",Parathion hydrolase,"""Native"""" substrate paraoxon is a synthetic compound""",Brevundimonas diminuta ,MQTRRVVLKSAAAAGTLLGGLAGCASVAGSIGTGDRINTVRGPITISEAGFTLTHEHICGSSAGFLRAWPEFFGSRKALAEKAVRGLRRARAAGVRTIVDVSTFDIGRDVSLLAEVSRAADVHIVAATGLWFDPPLSMRLRSVEELTQFFLREIQYGIEDTGIRAGIIKVATTGKATPFQELVLKAAARASLATGVPVTTHTAASQRDGEQQAAIFESEGLSPSRVCIGHSDDTDDLSYLTALAARGYLIGLDHIPHSAIGLEDNASASALLGIRSWQTRALLIKALIDQGYMKQILVSNDWLFGFSSYVTNIMDVMDRVNPDGMAFIPLRVIPFLREKGVPQETLAGITVTNPARFLSPTLRAS
44,hsa:213,P02768,ALB/AFP/VDB family,Serum albumin,,Homo sapiens ,MKWVTFISLLFLFSSAYSRGVFRRDAHKSEVAHRFKDLGEENFKALVLIAFAQYLQQCPFEDHVKLVNEVTEFAKTCVADESAENCDKSLHTLFGDKLCTVATLRETYGEMADCCAKQEPERNECFLQHKDDNPNLPRLVRPEVDVMCTAFHDNEETFLKKYLYEIARRHPYFYAPELLFFAKRYKAAFTECCQAADKAACLLPKLDELRDEGKASSAKQRLKCASLQKFGERAFKAWAVARLSQRFPKAEFAEVSKLVTDLTKVHTECCHGDLLECADDRADLAKYICENQDSISSKLKECCEKPLLEKSHCIAEVENDEMPADLPSLAADFVESKDVCKNYAEAKDVFLGMFLYEYARRHPDYSVVLLLRLAKTYETTLEKCCAAADPHECYAKVFDEFKPLVEEPQNLIKQNCELFEQLGEYKFQNALLVRYTKKVPQVSTPTLVEVSRNLGKVGSKCCKHPEAKRMPCAEDYLSVVLNQLCVLHEKTPVSDRVTKCCTESLVNRRPCFSALEVDETYVPKEFNAETFTFHADICTLSEKERQIKKQTALVELVKHKPKATKEQLKAVMDDFAAFVEKCCKADDKETCFAEEGKKLVAASQAALGL
45,Not assigned,P61871,"AB hydrolase superfamily, Lipase family",Lipase,,Rhizopus niveus,MVSFISISQGVSLCLLVSSMMLGSSAVPVSGKSGSSNTAVSASDNAALPPLISSRCAPPSNKGSKSDLQAEPYNMQKNTEWYESHGGNLTSIGKRDDNLVGGMTLDLPSDAPPISLSSSTNSASDGGKVVAATTAQIQEFTKYAGIAATAYCRSVVPGNKWDCVQCQKWVPDGKIITTFTSLLSDTNGYVLRSDKQKTIYLVFRGTNSFRSAITDIVFNFSDYKPVKGAKVHAGFLSSYEQVVNDYFPVVQEQLTAHPTYKVIVTGHSLGGAQALLAGMDLYQREPRLSPKNLSIFTVGGPRVGNPTFAYYVESTGIPFQRTVHKRDIVPHVPPQSFGFLHPGVESWIKSGTSNVQICTSEIETKDCSNSIVPFTSILDHLSYFDINEGSCL
46,Not assigned,I7CDL7,Peptidase S10 family,Acidic protease,UniProt Accession not declared; assigned by curator,Aspergillus usamii,MLFRSLLSTAVLAVSLCTDNASAAKHGRFGQKARDAMNIAKRSANAVKHSLKIPVEDYQFLNNKTKPYRVESLPDVHFDLGEMYSGLVPIEKGNVSRSLFFVFQPTIGEPVDEITIWLNGGPGCSSLEAFLQENGRFVWQPGTYQPVENPYSWVNLTNVLWVDQPVGTGFSLGVPTATSEEEIAEDFVKFFKNWQQIFGIKNFKIYVTGESYAGRYVPYISAAFLDQNDTEHFNLKGALAYDPCIGQFDYVQEEAPVVPFVQKNNALFNFNASFLAELESIHEQCGYKDFIDQYLVFPASGVQPPKAMNWSDPTCDVYDIVNNAVLDPNPCFNPYEINEMCPILWDVLGFPTEVDYLPAGASIYFDRADVKRAMHAPNITWSECSVESVFVGGDGGPEQEGDYSANPIEHVLPQVIEGTNRVLIGNGDYDMVILTNGTLLSIQNMTWNGKLGFDTAPSTPINIDIPDLMYNEVFIENGYDPQGGQGVMGIQHYERGLMWAETFQSGHMQPQFQPRVSYRHLEWLLGRRDTL
47,Not assigned,P82604,Not assigned,Phenylacetaldoxime dehydratase,Catalytic parameters for ferrous state (preferred to ferric state).,Bacillus sp. ,MKNMPENHNPQANAWTAEFPPEMSYVVFAQIGIQSKSLDHAAEHLGMMKKSFDLRTGPKHVDRALHQGADGYQDSIFLAYWDEPETFKSWVADPEVQKWWSGKKIDENSPIGYWSEVTTIPIDHFETLHSGENYDNGVSHFVPIKHTEVHEYWGAMRDRMPVSASSDLESPLGLQLPEPIVRESFGKRLKVTAPDNICLIRTAQNWSKCGSGERETYIGLVEPTLIKANTFLRENASETGCISSKLVYEQTHDGEIVDKSCVIGYYLSMGHLERWTHDHPTHKAIYGTFYEMLKRHDFKTELALWHEVSVLQSKDIELIYVNCHPSTGFLPFFEVTEIQEPLLKSPSVRIQ
48,Not assigned,A0A0J2DU29,Not assigned,N-acyl-D-amino-acid deacylase,UniProt Accession not declared; assigned by curator. Zinc-dependent enzyme.,Escherichia coli,MQVDWLIKNVTVIDGSGGPEFRGDVAITGDRIVDIAPALNVTAQQVIDGEGRVLAPGFIDVHTHDDINVIRIPEYLPKISQGITTVIVGNCGISAASAKMKGEVPDPMNLLGEAEHFIYPTVESYAQAVEAARPSLNVGTLIGHTALRNNHMDDLFRPATVDEIAAMRADLRLALSQGALGLSSGLAYATAFQATTEEVMALAEELAGEKGVYTTHLRSEFEPILDALDEAFRIGRHGKVPVVVSHHKCAGAKNWGRTKETLAFFDQMRQHQEIGCDVYPYSASSSTLDLKQVTDEFDIVITWSQTHPQQAGKTLAQIAIDWQMSMLEAAKLLMPAGAIYYNMDERDVRRVLSYPVSMIGSDGLPNDPMPHPRLWGAFPRVLGHYCRDEGLFPLTTAIHKMTGLSASRFRLPQRGLVKVGYFADLVLFDPQTIRDVASFSDPKRPADGIEAVMVNGVMSYGPDKHITGRAGRFLRRQTSH
49,Not assigned,I7ZLX5,Not assigned,N-acyl-L-amino-acid amidohydrolase,UniProt Accession not declared; assigned by curator. Zinc-dependent enzyme. Also known as Aminoacylase-1.,Aspergillus oryzae ,MKSIYSLVLCTALTAASPHPAFPQSPLGVPTTSSPSTGTFNSAEEVINASPFLSFHRDIVQIESISSNEHNVGEFIADFLRARNFTVIEQAVTSSSQTENQERFNVFAYPSSNTPEILITSHIDTVPPFIPYSLDTDSTTDNDPSTIRISGRGSVDAKGSVAAQIFAALDVLEQNPSAPLGLLFVVGEETGGDGMRAFSESSLNPAPSAFHTVIFGEPTELALVSGHKGMLGFEIVAKGHAAHSGYPWLGRSAISAVLPALSRVDQLGNIPADKGGLPSSPKYGNTTVNIGRVDAGVAANVVPATARADVAVRLAAGTPDEARDIVRRAVRDATDGNPDVYAEFNTRSEGYPPQDLDTDVDGFDITTVNYGTDVPNLQIHEREDGPVRRYLYGPGSIHVAHGDNEAITVGDLQEAVRGYRKLIEAALQRR
50,hsa:760,P00918,Alpha-carbonic anhydrase family,Carbonic anhydrase 2,,Homo sapiens ,MSHHWGYGKHNGPEHWHKDFPIAKGERQSPVDIDTHTAKYDPSLKPLSVSYDQATSLRILNNGHAFNVEFDDSQDKAVLKGGPLDGTYRLIQFHFHWGSLDGQGSEHTVDKKKYAAELHLVHWNTKYGDFGKAVQQPDGLAVLGIFLKVGSAKPGLQKVVDVLDSIKTKGKSADFTNFDPRGLLPESLDYWTYPGSLTTPPLLECVTWIVLKEPISVSSEQVLKFRKLNFNGEGEPEELMVDNWRPAQPLKNRQIKASFK
51,Not assigned,P41365,Not assigned,Lipase B,,Pseudozyma antarctica ,MKLLSLTGVAGVLATCVAATPLVKRLPSGSDPAFSQPKSVLDAGLTCQGASPSSVSKPILLVPGTGTTGPQSFDSNWIPLSTQLGYTPCWISPPPFMLNDTQVNTEYMVNAITALYAGSGNNKLPVLTWSQGGLVAQWGLTFFPSIRSKVDRLMAFAPDYKGTVLAGPLDALAVSAPSVWQQTTGSALTTALRNAGGLTQIVPTTNLYSATDEIVQPQVSNSPLDSSYLFNGKNVQAQAVCGPLFVIDHAGSLTSQFSYVVGRSALRSTTGQARSADYGITDCNPLPANDLTPEQKVAAAALLAPAAAAIVAGPKQNCEPDLMPYARPFAVGKRTCSGIVTP
52,Not assigned,I1BGQ3,Not assigned,Lipase,,Rhizopus delemar ,MVSFISISQGVSLCLLVSSMMLGSSAVPVSGKSGSSNTAVSASDNAALPPLISSRCAPPSNKGSKSDLQAEPYNMQKNTEWYESHGGNLTSIGKRDDNLVGGMTLDLPSDAPPISLSSSTNSASDGGKVVAATTAQIQEFTKYAGIAATAYCRSVVPGNKWDCVQCQKWVPDGKIITTFTSLLSDTNGYVLRSDKQKTIYLVFRGTNSFRSAITDIVFNFSDYKPVKGAKVHAGFLSSYEQVVNDYFPVVQEQLTAHPTYKVIVTGHSLGGAQALLAGMDLYQREPRLSPKNLSIFTVGGPRVGNPTFAYYVESTGIPFQRTVHKRDIVPHVPPQSFGFLHPGVESWIKSGTSNVQICTSEIETKDCSNSIVPFTSILDHLSYFDINEGSCL
53,Not assigned,Q76K71,Not assigned,Aldoxime dehydratase,Catalytic parameters for ferrous state (preferred to ferric state).,Rhodococcus erythropolis ,MESAIGEHLQCPRTLTRRVPDTYTPPFPMWVGRADDALQQVVMGYLGVQFRDEDQRPAALQAMRDIVAGFDLPDGPAHHDLTHHIDNQGYENLIVVGYWKDVSSQHRWSTSTPIASWWESEDRLSDGLGFFREIVAPRAEQFETLYAFQEDLPGVGAVMDGISGEINEHGYWGSMRERFPISQTDWMQASGELRVIAGDPAVGGRVVVRGHDNIALIRSGQDWADAEADERSLYLDEILPTLQSGMDFLRDNGPAVGCYSNRFVRNIDIDGNFLDLSYNIGHWASLDQLERWSESHPTHLRIFTTFFRVAAGLSKLRLYHEVSVFDAADQLYEYINCHPGTGMLRDAVTIAEH
54,ag:AAA26046,Q01468,4-oxalocrotonate tautomerase family,2-hydroxymuconate tautomerase,Enzyme also known as 4-oxalocrotonate tautomerase.,Pseudomonas putida ,MPIAQIHILEGRSDEQKETLIREVSEAISRSLDAPLTSVRVIITEMAKGHFGIGGELASKVRR
55,Not assigned,P00591,"AB hydrolase superfamily, Lipase family",Pancreatic triacylglycerol lipase,,Sus scrofa ,SEVCFPRLGCFSDDAPWAGIVQRPLKILPWSPKDVDTRFLLYTNQNQNNYQELVADPSTITNSNFRMDRKTRFIIHGFIDKGEEDWLSNICKNLFKVESVNCICVDWKGGSRTGYTQASQNIRIVGAEVAYFVEVLKSSLGYSPSNVHVIGHSLGSHAAGEAGRRTNGTIERITGLDPAEPCFQGTPELVRLDPSDAKFVDVIHTDAAPIIPNLGFGMSQTVGHLDFFPNGGKQMPGCQKNILSQIVDIDGIWEGTRDFVACNHLRSYKYYADSILNPDGFAGFPCDSYNVFTANKCFPCPSEGCPQMGHYADRFPGKTNGVSQVFYLNTGDASNFARWRYKVSVTLSGKKVTGHILVSLFGNEGNSRQYEIYKGTLQPDNTHSDEFDSDVEVGDLQKVKFIWYNNNVINPTLPRVGASKITVERNDGKVYDFCSQETVREEVLLTLNPC
56,Not assigned,P00780,Peptidase S8 family,Subtilisin Carlsberg,UniProt assigned by curator based on gene product.,Bacillus licheniformis,MMRKKSFWLGMLTAFMLVFTMAFSDSASAAQPAKNVEKDYIVGFKSGVKTASVKKDIIKESGGKVDKQFRIINAAKAKLDKEALKEVKNDPDVAYVEEDHVAHALAQTVPYGIPLIKADKVQAQGFKGANVKVAVLDTGIQASHPDLNVVGGASFVAGEAYNTDGNGHGTHVAGTVAALDNTTGVLGVAPSVSLYAVKVLNSSGSGTYSGIVSGIEWATTNGMDVINMSLGGPSGSTAMKQAVDNAYARGVVVVAAAGNSGSSGNTNTIGYPAKYDSVIAVGAVDSNSNRASFSSVGAELEVMAPGAGVYSTYPTSTYATLNGTSMASPHVAGAAALILSKHPNLSASQVRNRLSSTATYLGSSFYYGKGLINVEAAAQ
57,Not assigned,P00761,Peptidase S1 family,Tripsin,,Sus scrofa ,FPTDDDDKIVGGYTCAANSIPYQVSLNSGSHFCGGSLINSQWVVSAAHCYKSRIQVRLGEHNIDVLEGNEQFINAAKIITHPNFNGNTLDNDIMLIKLSSPATLNSRVATVSLPRSCAAAGTECLISGWGNTKSSGSSYPSLLQCLKAPVLSDSSCKSSYPGQITGNMICVGFLEGGKDSCQGDSGGPVVCNGQLQGIVSWGYGCAQKNKPGVYTKVCNYVNWIQQTIAAN
58,ag:AAG41202,Q9EYU0,Metallo-dependent hydrolases superfamily,Melamine deaminase,,Acidovorax citrulli,MQTLSIQHGTLVTMDQYRRVLGDSWVHVQDGRIVALGVHAESVPPPADRVIDARGKVVLPGFINAHTHVNQILLRGGPSHGRQLYDWLFNVLYPGQKAMRPEDVAVAVRLYCAEAVRSGITTINDNADSAIYPGNIEAAMAVYGEVGVRVVYARMFFDRMDGRIQGYVDALKARSPQVELCSIMEETAVAKDRITALSDQYHGTAGGRISVWPAPAITPAVTVEGMRWAQAFARDRAVMWTLHMAESDHDERLHWMSPAEYMECYGLLDERLQVAHCVYFDRKDVRLLHRHNVKVASQVVSNAYLGSGVAPVPEMVERGMAVGIGTDDGNCNDSVNMIGDMKFMAHIHRAVHRDADVLTPEKILEMATIDGARSLGMDHEIGSIETGKRADLILLDLRHPQTTPHHHLAATIVFQAYGNEVDTVLIDGNVVMENRRLSFLPPERELAFLEEAQSRATAILQRANMVANPAWRSL
